ticker,name,sector,error,n_years_used,price,revenue,total_assets,current_ratio,total_debt,dividend_years_streak,eps_growth_over_period,P/E,P/B,score,max_score,company_type,na_criteria,fscore,eps_ttm,book_value_per_share,graham_number,margin_of_safety,score_ent,max_score_ent,enterprise_value,ebit,ebit_ev,gross_profitability,net_payout_yield,net_debt_to_ebitda,measurable,data_source,sec_fields,accruals,dollar_volume,next_earnings,share_class_of,crit_1_adequate_size,crit_2_earnings_stability,crit_3_financial_strength,crit_4_returns_capital,crit_5_cheap_ebit_ev,crit_6_gross_profitability,ent_1_financial_condition,ent_2_earnings_stability_5y,ent_3_pays_dividend_now,ent_4_earnings_higher_than_past,ent_5_price_under_120pct_net_assets,f_1_roa_positive,f_2_cfo_positive,f_3_roa_improving,f_4_cfo_above_income,f_5_leverage_down,f_6_current_ratio_up,f_7_no_new_shares,f_8_gross_margin_up,f_9_asset_turnover_up,beneish_m,beneish_flag,altman_z,altman_flag,momentum_12_1,accruals_yf,one_off_flag,collapse_flag,red_flag,rank_bucket,rank_basis,quality_score,accruals_flag,liquidity_flag,value_rank,value_top
ADT,ADT Inc.,Industrials,,4,6.36,5128607000.0,15739056000.0,0.689861821857598,7687587000.0,9,,8.4800005,1.3417722,6,6,industrial,,8,0.7499999557783046,4.739999830075478,8.943572687482337,0.2888747906190078,3,5,12330068992.0,1308901000.0,0.1056,0.2621,0.1708,2.8712167666809782,True,sec,10,-0.0818,48543056.16,2026-11-05,,True,True,True,True,True,True,False,True,True,True,False,True,True,True,True,True,True,True,False,True,-2.84,תקין,0.56,סיכון חדלות פירעון,-0.1435,-0.0811,,,אלטמן,כלל השוק,ענף,51,,,33,
ALV,"Autoliv, Inc.",Consumer Cyclical,,4,113.05,10815000000.0,8497000000.0,1.0287400564536824,2038000000.0,30,,13.331369,3.3250978,6,6,industrial,,7,9.55,33.333333333333336,80.54196838179381,-0.4036160559685862,3,5,9940467520.0,1088000000.0,0.1079,0.2399,0.0711,1.111036789297659,True,sec,14,-0.0497,76251094.5,2026-10-23,,True,True,True,True,True,True,False,True,True,True,False,True,True,True,True,False,True,True,True,False,-2.65,תקין,2.88,אזור אפור,-0.0171,-0.0487,,,,Consumer Cyclical,ענף,41,,,31,
ANF,Abercrombie & Fitch Company,Consumer Cyclical,,4,141.39,5266292000.0,3594856000.0,1.4066989564960986,1287440000.0,0,,12.209845,4.429373,6,6,industrial,,5,10.46,13.112497579864472,91.1976717701742,-0.5503685264719768,2,5,6664378368.0,699143000.0,0.1049,0.914,0.0813,0.5759660938198163,True,sec,14,-0.0312,213318344.97,2026-11-25,,True,True,True,True,True,True,False,True,False,True,False,True,True,False,True,False,True,True,False,False,-2.3,תקין,5.5,תקין,0.9218,-0.0294,,,,Consumer Cyclical,ענף,73,,,34,
APA,APA Corporation,Energy,,4,44.1,8572000256.0,17973000000.0,0.9459908599916907,3743000000.0,45,,9.323467,2.202577,6,6,industrial,,7,3.99,14.2536052028757,46.161039442452925,0.0446488958512803,2,5,18749501120.0,3087000000.0,0.1388,0.2037,0.0233,0.6119458356520127,True,sec,11,-0.1731,248500986.3,2026-11-04,,True,True,True,True,True,True,False,True,True,False,False,True,True,True,True,True,False,True,False,True,-3.61,תקין,1.85,אזור אפור,0.7026,-0.1606,,,,כלל השוק,ענף,57,,,12,כן
APAM,Artisan Partners Asset Manageme,Financial Services,,4,35.0,1196688000.0,1459516000.0,3.007,190000000.0,14,,8.293839,5.9161596,6,6,financial,,6,4.05,5.1814408489351,23.700721246077944,-0.4767483080622236,3,5,2324253008.0,399631000.0,0.1549,0.3469,0.1035,-0.3927101848614578,True,sec,10,0.0811,30539250.0,2026-10-27,,True,True,True,True,True,True,False,True,True,True,False,True,True,True,False,True,True,False,False,True,,לא רלוונטי,,לא רלוונטי,-0.0455,0.1305,,,,Financial Services,ענף,74,לא רלוונטי,,6,כן
ASO,"Academy Sports and Outdoors, In",Consumer Cyclical,,4,52.31,6053414000.0,5508148000.0,1.7429772740085303,494158000.0,5,,8.718333,1.4894648,6,6,industrial,,7,5.54,35.11977946195972,68.85637108524843,0.2403026883999303,3,5,3417136936.0,512184000.0,0.1047,0.399,0.0725,0.3085505078340288,True,sec,14,-0.0105,87260821.88000001,2026-12-08,,True,True,True,True,True,True,True,True,True,False,False,True,True,False,True,True,True,True,True,False,-1.6,חשד למניפולציה,2.81,אזור אפור,-0.1687,-0.011,,,בניש,Consumer Cyclical,ענף,36,,,36,
BBWI,"Bath & Body Works, Inc.",Consumer Cyclical,,4,17.93,7291000000.0,5156000000.0,1.200937316930287,3614000000.0,42,,4.597436,-3.4296098,6,6,industrial,,5,3.11,-5.227722772277228,,,3,5,6435500544.0,1126000000.0,0.1488,0.6291,0.1571,2.0434782608695654,True,sec,14,-0.0879,109821429.3,2026-11-19,,True,True,True,True,True,True,False,True,True,False,True,True,True,False,True,True,False,True,False,False,-3.01,תקין,2.24,אזור אפור,-0.2618,-0.0894,,,,Consumer Cyclical,ענף,69,,,10,כן
BYD,Boyd Gaming Corporation,Consumer Cyclical,,4,70.41,4091989000.0,6684204000.0,0.7738644293471723,2613755000.0,5,,3.0733306,2.058772,6,6,industrial,,6,22.56,34.20015441845256,132.77516102815173,0.469705030257344,3,5,7405809968.0,748406000.0,0.109,0.3083,0.1635,2.178771895775537,True,sec,13,0.1296,69404967.66,2026-10-22,,True,True,True,True,True,True,False,True,True,True,False,True,True,True,False,True,False,True,False,True,-2.08,אזור אפור,3.12,תקין,-0.0874,0.1311,רווח חד-פעמי,,רווח חד-פעמי; צבירות גבוהות,Consumer Cyclical,ענף,59,צבירות גבוהות,,30,
CALM,"Cal-Maine Foods, Inc.",Consumer Defensive,,4,63.4,2911632000.0,3013379000.0,7.701125429688113,0.0,6,,52.833332,1.1313752,6,6,industrial,,5,6.63,34.23530195441041,38.89763431969634,-0.6299191739765148,4,5,2203604736.0,350186000.0,0.1555,0.2163,0.1225,-0.7219319390764507,True,sec,15,-0.0541,67198294.0,2026-09-30,,True,True,True,True,True,True,True,True,True,False,True,True,True,False,True,,True,True,False,False,-2.17,אזור אפור,6.88,תקין,-0.1955,-0.052,,רווח קרס,רווח קרס,Consumer Defensive,ענף,55,,,5,כן
CBT,Cabot Corporation,Basic Materials,,4,77.11,3713000000.0,3975000000.0,1.4669603524229076,1273000000.0,42,,21.59944,2.480538,6,6,industrial,,6,6.02,31.08597126529025,49.96981874979714,-0.5431314727414943,3,5,5004266944.0,621000000.0,0.1206,0.2464,0.0643,1.32,True,sec,14,-0.084,32834517.54,2026-11-02,,True,True,True,True,True,True,False,True,True,True,False,True,True,False,True,True,False,True,True,False,-2.94,תקין,3.52,תקין,0.0793,-0.0758,,,,כלל השוק,ענף,53,,,22,
CENTA,Central Garden & Pet Company,Consumer Defensive,,4,34.61,3129064000.0,3789953000.0,3.7868946101432126,1193058000.0,0,,12.724265,1.240013,6,6,industrial,,8,2.55,27.9109977072821,41.32980788973266,0.1625898651080357,3,5,2362677856.0,250042000.0,0.097,0.2751,0.0716,0.5862254281414957,True,sec,13,-0.0448,10307550.2,2026-11-25,,True,True,True,True,True,True,True,True,False,True,False,True,True,True,True,True,True,True,True,False,-2.75,תקין,2.62,אזור אפור,0.2764,-0.0465,,,,Consumer Defensive,ענף,65,,,41,
CMCSA,Comcast Corporation,Communication Services,,4,21.56,123707000000.0,257548000000.0,0.7957876288036745,90381000000.0,19,,6.9548388,0.85180354,6,6,industrial,,8,5.39,25.311000703284236,42.01716644570708,0.4868763930604655,4,5,159211602368.0,20672000000.0,0.1297,0.3256,0.1575,2.242367550566672,True,sec,12,-0.053,622856994.76,2026-10-22,,True,True,True,True,True,True,False,True,True,True,True,True,True,True,True,True,True,True,True,False,-2.72,תקין,1.41,סיכון חדלות פירעון,-0.0909,-0.0513,,,אלטמן,כלל השוק,ענף,72,,,14,כן
CRI,"Carter's, Inc.",Consumer Cyclical,,4,33.83,2898426000.0,2732360000.0,2.46974202605401,567808000.0,14,,6.030303,1.2089484,6,6,industrial,,4,2.53,27.98337792423225,59.43192636506392,0.4307773267822863,3,5,1156176456.0,143933000.0,0.0812,0.5124,0.0454,-0.4387370381170163,True,sec,13,-0.0112,42170143.73,2026-11-02,,True,True,True,True,True,True,True,True,True,False,False,True,True,False,True,False,True,False,False,False,-2.62,תקין,2.64,אזור אפור,0.124,-0.0119,,,,Consumer Cyclical,ענף,44,,,47,
CTSH,Cognizant Technology Solutions ,Technology,,4,57.22,21108000000.0,20825000000.0,2.18215935334873,1560000000.0,10,,12.305376,1.7883486,6,6,industrial,,7,4.56,31.995575221238937,57.858287979957055,0.0110319195787156,3,5,26283419968.0,3389000000.0,0.1241,0.3439,0.0735,0.1292206143691292,True,sec,13,-0.0314,452189404.12,2026-10-29,,True,True,True,True,True,True,True,True,True,False,False,True,True,False,True,True,True,True,False,True,-2.5,תקין,5.71,תקין,-0.081,-0.0316,,,,כלל השוק,ענף,67,,,20,
DECK,Deckers Outdoor Corporation,Consumer Cyclical,,4,81.66,5472296000.0,3868621000.0,2.7472206056423705,472334016.0,0,,11.550213,4.8508973,6,6,industrial,,6,7.02,16.834390199305176,51.74812254922438,-0.5780282641620967,3,5,10009330688.0,1262903000.0,0.1262,0.8563,0.097,-1.081339677986631,True,sec,14,-0.0408,224133181.92,2026-10-22,,True,True,True,True,True,True,True,True,False,True,False,True,True,True,True,False,False,True,False,True,-2.69,תקין,9.81,תקין,-0.1591,-0.0428,,,,Consumer Cyclical,ענף,65,,,19,
DHI,"D.R. Horton, Inc.",Consumer Cyclical,,4,136.75,34250400000.0,36511300000.0,6.011,7187899904.0,13,,13.036225,1.6117057,6,6,industrial,,4,11.57,84.84837224171191,141.5141279058682,0.0336653871692386,3,5,43945349120.0,4424200000.0,0.1007,0.2288,0.1266,1.0181954666774506,True,sec,10,0.0045,345951107.25,2026-10-29,,True,True,True,True,True,True,True,True,True,False,False,True,True,False,False,False,True,True,False,False,-2.34,תקין,5.83,תקין,-0.1678,0.0056,,,,Consumer Cyclical,ענף,36,,,40,
EEFT,"Euronet Worldwide, Inc.",Technology,,4,63.54,4244200000.0,6493100000.0,1.3706727422315044,2653000000.0,0,,10.215435,1.9321291,6,6,industrial,,6,6.84,18.13377438258398,67.84095711464656,0.0633976479338025,2,5,3832924640.0,529800000.0,0.1758,0.2703,0.2723,2.1791111776148435,True,sec,12,-0.0385,41306718.6,2026-10-21,,True,True,True,True,True,True,False,True,False,True,False,True,True,False,True,True,False,True,True,False,-2.47,תקין,1.77,סיכון חדלות פירעון,-0.1607,-0.038,,,אלטמן,כלל השוק,ענף,71,,,2,כן
EPAM,"EPAM Systems, Inc.",Technology,,4,109.31,5457056000.0,4574086000.0,2.7547079510266186,25000000.0,0,,14.912687,1.602504,6,6,industrial,,6,6.72,68.21205776873121,106.0653772369024,-0.030590781342818,2,5,4874575416.0,520003000.0,0.104,0.321,0.1174,-1.1854534796080731,True,sec,13,-0.0606,152745858.84,2026-11-05,,True,True,True,True,True,True,True,True,False,False,False,True,True,False,True,True,False,True,False,True,-2.68,תקין,5.26,תקין,-0.2326,-0.0566,,,,כלל השוק,ענף,45,,,37,
FHI,"Federated Hermes, Inc.",Financial Services,,4,56.56,1800663000.0,2330154000.0,2.5922488226059657,348499000.0,29,,10.513011,3.2253652,6,6,financial,,8,5.13,17.535998714192118,46.073123131909306,-0.2276137616732932,4,5,4269557536.0,513882000.0,0.1274,0.5486,0.0871,0.089570303074407,True,sec,11,0.0455,34074176.08,2026-10-29,,True,True,True,True,True,True,True,True,True,True,False,True,True,True,False,True,True,True,True,True,,לא רלוונטי,,לא רלוונטי,0.2009,0.0524,,,,Financial Services,ענף,80,לא רלוונטי,,17,
G,Genpact Limited,Technology,,4,33.45,5079879000.0,5413096000.0,1.9956111803663292,1180257000.0,10,,9.955358,2.1577861,6,6,industrial,,6,3.13,15.502086085775591,34.23377126194541,0.0228946806925899,4,5,6256613360.0,750207000.0,0.1167,0.3134,0.0717,0.807517353454976,True,sec,15,-0.0481,73660914.0,2026-11-05,,True,True,True,True,True,True,True,True,True,True,False,True,True,False,True,True,False,True,True,False,-2.72,תקין,2.89,אזור אפור,-0.0922,-0.0446,,,,כלל השוק,ענף,54,,,24,
GNTX,Gentex Corporation,Consumer Cyclical,,4,21.55,2534268965.0,2999428544.0,3.03845716793221,3706980.0,24,,11.402116,1.7889756,6,6,industrial,,6,1.74,11.780735107625414,22.63307681737172,0.0478537154321156,4,5,4301121583.0,473935754.0,0.1126,0.2959,0.092,-0.4136907501651301,True,sec,15,-0.0674,51486915.2,2026-10-23,,True,True,True,True,True,True,True,True,True,True,False,True,True,False,True,,False,True,True,True,-2.83,תקין,8.71,תקין,-0.153,-0.0691,,,,Consumer Cyclical,ענף,48,,,27,
GRBK,"Green Brick Partners, Inc.",Consumer Cyclical,,4,67.0,2039994000.0,2610751000.0,7.051,323269000.0,0,,10.090362,1.4947683,6,6,industrial,,4,7.07,45.93013002868227,81.8324867095827,0.1812542586200767,3,5,3073343736.0,409443000.0,0.1294,0.2528,0.0301,0.3640228458326357,True,sec,11,0.0499,20262140.0,2026-10-28,,True,True,True,True,True,True,True,True,False,True,False,True,True,False,False,True,False,True,False,False,-0.44,חשד למניפולציה,6.07,תקין,-0.0433,0.0514,,,בניש,Consumer Cyclical,ענף,39,,,15,כן
HRB,"H&R Block, Inc.",Consumer Cyclical,,4,42.63,3760995000.0,3256351000.0,1.133006517854896,1491493000.0,41,,7.3754325,45.063427,6,6,industrial,,7,4.39,0.7637435799576726,11.091766984047643,-2.8433912343552787,3,5,5754666296.0,934499000.0,0.1419,0.5371,0.1386,1.1102010882520998,True,sec,12,-0.0231,91469187.39,2026-11-05,,True,True,True,True,True,True,False,True,True,True,False,True,True,True,True,False,True,True,False,True,-2.67,תקין,3.22,תקין,-0.0363,-0.0314,,,,Consumer Cyclical,ענף,76,,,11,כן
INGR,Ingredion Incorporated,Consumer Defensive,,4,96.75,7219000000.0,8070000000.0,2.7982525814138204,1783000000.0,29,,10.539215,1.3494477,6,6,industrial,,8,11.18,58.149100257069406,121.69145168159098,0.2049564808122346,4,5,6936440000.0,1016000000.0,0.1496,0.2315,0.0713,0.6744749596122779,True,sec,14,-0.0266,62772077.25,2026-11-03,,True,True,True,True,True,True,True,True,True,True,False,True,True,True,True,True,True,True,True,False,-2.52,תקין,3.7,תקין,-0.1578,-0.0263,,,,Consumer Defensive,ענף,55,,,8,כן
KFY,Korn Ferry,Industrials,,4,71.06,2938641000.0,3816876000.0,2.3711338118130776,398778000.0,12,,13.561069,1.8096621,6,6,industrial,,8,5.22,39.26731640086632,68.0410103457281,-0.0443701473410212,4,5,3558922968.0,374743000.0,0.1022,0.6368,0.0554,-0.8815972566814545,True,sec,13,-0.0349,33434724.84,2026-12-08,,True,True,True,True,True,True,True,True,True,True,False,True,True,True,True,True,True,True,False,True,-2.63,תקין,3.08,תקין,0.1966,-0.0328,,,,כלל השוק,ענף,57,,,39,
LCII,LCI Industries,Consumer Cyclical,,4,82.19,4122017000.0,3267902000.0,2.4859338635412307,852590000.0,12,,9.523754,1.3956293,6,6,industrial,,8,7.57,58.89075353734781,106.93530581228178,0.2314044517319716,3,5,2634240944.0,279922000.0,0.0956,0.3087,0.1214,1.585624437558737,True,sec,14,-0.0437,27098371.76,2026-10-29,,True,True,True,True,True,True,True,True,True,False,False,True,True,True,True,False,True,True,True,True,-2.54,תקין,3.16,תקין,0.1376,-0.0449,,,,Consumer Cyclical,ענף,59,,,43,
LRN,"Stride, Inc.",Consumer Defensive,,4,79.75,2405317000.0,2435552000.0,5.941204981114831,417995000.0,0,,11.169468,2.0068448,6,6,industrial,,7,5.95,39.35482191072065,79.90037413845683,0.0018820204545756,3,5,2774392440.0,360094000.0,0.157,0.3903,0.0569,-1.1374201443667682,True,sec,15,-0.0595,67043432.5,2026-10-27,,True,True,True,True,True,True,True,True,False,True,False,True,True,True,True,True,True,True,False,False,-2.43,תקין,5.51,תקין,-0.3979,-0.0393,,,,Consumer Defensive,ענף,55,,,4,כן
LULU,lululemon athletica inc.,Consumer Cyclical,,4,93.61,11102600000.0,8484578000.0,2.1899840757172173,0.0,0,,7.704527,2.1820512,6,6,industrial,,5,13.26,44.95968695456337,108.2949101245449,0.1356011109631696,3,5,8973828056.0,2210615000.0,0.1989,0.7431,0.1137,-0.5134161826156892,True,sec,14,-0.0027,434212980.52,2026-09-03,,True,True,True,True,True,True,True,True,False,True,False,True,True,False,True,False,True,True,False,False,-1.9,אזור אפור,5.04,תקין,-0.4222,-0.0028,,,,Consumer Cyclical,ענף,66,,,1,כן
M,Macy's Inc,Consumer Cyclical,,4,22.46,21764000000.0,15726000000.0,1.58969893008211,2433000000.0,24,,8.227106,1.1903752,6,6,industrial,,8,2.32,18.73764258555133,34.04360394370865,0.3402578634994763,4,5,7005027008.0,1030000000.0,0.0915,0.5619,0.0762,0.591995841995842,True,sec,13,-0.0501,126677926.22,2026-12-02,,True,True,True,True,True,True,True,True,True,False,True,True,True,True,True,True,True,True,True,False,-1.68,חשד למניפולציה,2.65,אזור אפור,0.2596,-0.0485,,,בניש,Consumer Cyclical,ענף,58,,,45,
MHO,"M/I Homes, Inc.",Consumer Cyclical,,4,133.29,4417781000.0,4856043000.0,8.108,1003036992.0,0,,11.191436,1.0422971,6,6,industrial,,5,14.74,107.09111391820478,185.11864151529824,0.2799752693248623,3,5,3634471168.0,506553000.0,0.1525,0.2229,0.06,0.6967277716112419,True,sec,11,0.0547,27927720.54,2026-10-21,,True,True,True,True,True,True,True,True,False,False,True,True,True,False,False,True,True,True,False,False,,אין נתונים,4.56,תקין,0.0364,0.0556,,,,Consumer Cyclical,ענף,51,,,7,כן
MMS,"Maximus, Inc.",Industrials,,4,54.68,5431276000.0,4366779000.0,2.420643031903833,1636935000.0,22,,8.0887575,1.6448575,6,6,industrial,,8,5.51,33.24326750448833,71.10738662052592,0.2310222242900426,3,5,4442904496.0,528289000.0,0.1164,0.3277,0.1803,2.772102505798673,True,sec,14,-0.0253,35267451.72,2026-11-19,,True,True,True,True,True,True,False,True,True,True,False,True,True,True,True,False,True,True,True,True,-2.71,תקין,2.99,תקין,-0.3661,-0.0271,,,,כלל השוק,ענף,57,,,25,
MOH,Molina Healthcare Inc,Healthcare,,4,195.17,45426000000.0,16003000000.0,1.678961038961039,3769000000.0,0,,2168.5554,2.4331772,6,6,industrial,,4,8.92,80.21153846153847,12.74477508779224,-14.31372650012053,2,5,5041874304.0,781000000.0,0.1494,0.2618,0.0982,-5.272540983606557,True,sec,14,0.0629,180112829.67,2026-10-21,,True,True,True,True,True,True,True,True,False,False,False,True,False,False,False,False,True,True,False,True,-1.92,אזור אפור,4.33,תקין,0.0011,0.0647,,רווח קרס,רווח קרס,כלל השוק,ענף,66,,,9,כן
MTDR,Matador Resources Company,Energy,,4,52.91,3656514000.0,13494566000.0,0.6501197782214726,4216410000.0,6,,9.075472,1.1066259,6,6,industrial,,5,6.09,47.8121320665224,79.19431282652646,0.3318964694359015,3,5,10737927392.0,1226542000.0,0.1063,0.143,0.0334,1.7300846442875428,True,sec,13,-0.1234,102055665.14,2026-10-27,,True,True,True,True,True,True,False,True,True,False,True,True,True,False,True,True,False,True,False,False,-3.28,תקין,1.7,סיכון חדלות פירעון,0.3194,-0.1336,,,אלטמן,כלל השוק,ענף,41,,,32,
NVR,"NVR, Inc.",Consumer Cyclical,,4,6046.6,10323959000.0,5470620000.0,5.67,1090254976.0,0,,15.708311,4.775225,6,6,industrial,,5,436.55,164.9789130118563,3311.6225673974886,-0.8258723260096195,2,5,16109861888.0,1790767000.0,0.1049,0.4078,0.1138,-0.5376987007792092,True,sec,9,0.0399,216831076.0,2026-10-22,,True,True,True,True,True,True,True,True,False,False,False,True,True,False,False,False,True,True,False,True,-2.06,אזור אפור,12.4,תקין,-0.2194,0.0373,,,,Consumer Cyclical,ענף,46,,,35,
PHM,"PulteGroup, Inc.",Consumer Cyclical,,4,116.1,17311953000.0,18263190000.0,7.272,43900000.0,14,,11.846938,1.6742858,6,6,industrial,,5,11.12,67.52487993538648,123.65327521215498,0.0610843117515136,3,5,20823656216.0,2911926000.0,0.13,0.2534,0.0634,0.1816188953973456,True,sec,9,0.019,187267442.4,2026-10-22,,True,True,True,True,True,True,True,True,True,False,False,True,True,False,False,True,True,True,False,False,-2.47,תקין,5.91,תקין,-0.0814,0.0193,,,,Consumer Cyclical,ענף,46,,,13,כן
PPC,Pilgrim's Pride Corporation,Consumer Defensive,,4,27.89,18497553000.0,10029924000.0,1.3552972635252674,2862272000.0,1,,12.232456,1.7710185,6,6,industrial,,6,4.54,15.78567586121016,28.42309674270184,0.0187557586538744,3,5,9114275848.0,1613539000.0,0.1754,0.228,0.3003,1.195068744395312,True,sec,15,-0.0288,43401497.63,2026-10-28,,True,True,True,True,True,True,False,True,True,True,False,True,True,True,True,True,False,False,False,True,-2.44,תקין,3.38,תקין,-0.2087,-0.0279,,,,Consumer Defensive,ענף,70,,,3,כן
PRI,"Primerica, Inc.",Financial Services,,4,279.13,3291713000.0,14781939000.0,3.73,1804438016.0,17,,11.21004,3.4184487,6,6,financial,,7,22.91,81.65428183053919,213.8846710077852,-0.3050491121443667,4,5,9757810688.0,998522000.0,0.1023,,0.0682,0.9342311131648332,True,sec,10,-0.0101,51912039.14,2026-11-04,,True,True,True,True,True,True,True,True,True,True,False,True,True,True,True,True,,True,,True,,לא רלוונטי,,לא רלוונטי,0.0656,-0.01,,,,Financial Services,ענף,40,לא רלוונטי,,38,
SBH,"Sally Beauty Holdings, Inc. (Na",Consumer Cyclical,,4,16.26,3701424000.0,2883144000.0,2.3672691952163616,807567000.0,0,,8.46875,1.7555604,6,6,industrial,,8,1.89,9.261935127322197,20.002959519699143,0.1871202866762306,3,5,2156765368.0,327810000.0,0.1144,0.6655,0.0355,1.4833318136866396,True,sec,14,-0.0274,21628808.1,2026-11-12,,True,True,True,True,True,True,True,True,False,True,False,True,True,True,True,True,True,True,True,False,-2.62,תקין,2.85,אזור אפור,0.0127,-0.0275,,,,Consumer Cyclical,ענף,59,,,26,
SIG,Signet Jewelers Limited,Consumer Cyclical,,4,102.1,6813600000.0,5587800000.0,1.6386493819716612,0.0,16,,11.708715,2.1525552,6,6,industrial,,8,7.08,47.43152454780362,96.46843542736244,-0.0583772769578908,3,5,3385390464.0,393100000.0,0.1118,0.4527,0.0657,-0.974472807991121,True,sec,14,-0.0688,84767708.19999999,2026-12-01,,True,True,True,True,True,True,True,True,True,False,False,True,True,True,True,True,True,True,True,False,-2.55,תקין,3.19,תקין,-0.0889,-0.0646,,,,Consumer Cyclical,ענף,48,,,29,
SLVM,Sylvamo Corporation,Basic Materials,,4,32.91,3351000000.0,2875000000.0,1.4720744680851063,884000000.0,5,,17.50532,1.3715357,6,6,industrial,,5,3.24,23.99497487437186,31.8588838120229,-0.0329928755250498,3,5,2005509568.0,251000000.0,0.1123,0.266,0.1185,1.6209302325581396,True,sec,13,-0.0473,9975251.37,2026-11-06,,True,True,True,True,True,True,False,True,True,True,False,True,True,False,True,True,False,True,False,False,-2.61,תקין,3.37,תקין,-0.1714,-0.0492,,רווח קרס,רווח קרס,כלל השוק,ענף,50,,,28,
SMP,"Standard Motor Products, Inc.",Consumer Cyclical,,4,37.56,1791158000.0,2060670000.0,2.0034166087877705,588827000.0,17,,9.557252,1.1689646,6,6,industrial,,8,1.84,29.98512368547574,53.3027534895441,0.2953459710600543,4,5,1349299376.0,136507000.0,0.0944,0.2804,0.0326,2.828854204208367,True,sec,14,-0.0074,5889445.5600000005,2026-10-30,,True,True,True,True,True,True,True,True,True,False,True,True,True,True,True,True,True,False,True,True,-2.4,תקין,2.27,אזור אפור,0.0227,0.0113,,,,Consumer Cyclical,ענף,32,,,44,
THC,Tenet Healthcare Corporation,Healthcare,,4,258.47,21310000000.0,30676000000.0,1.4059637147476198,13248000000.0,0,,9.952638,4.4673166,6,6,industrial,,6,15.49,29.261183388090732,183.8691768309029,-0.4057277269354641,2,5,31889745280.0,3508000000.0,0.0957,0.5907,0.0666,2.534431480210478,True,sec,12,-0.0382,253440949.21000004,2026-10-29,,True,True,True,True,True,True,False,True,False,True,False,True,True,False,True,True,False,True,False,True,-2.65,תקין,2.07,אזור אפור,0.3268,-0.0395,,,,כלל השוק,ענף,61,,,42,
TROW,"T. Rowe Price Group, Inc.",Financial Services,,4,103.6,7314800000.0,15357200000.0,4.039,450600000.0,41,,10.433031,2.0085695,6,6,financial,,4,9.24,51.57937668766877,107.3500704341378,0.0349330970997226,4,5,20486121472.0,2188800000.0,0.1209,0.2615,0.0798,-0.9877859291388422,True,sec,9,0.0217,175689645.6,2026-10-29,,True,True,True,True,True,True,True,True,True,True,False,True,True,False,False,False,True,True,False,False,,לא רלוונטי,,לא רלוונטי,0.0387,0.0317,,,,Financial Services,ענף,48,לא רלוונטי,,21,
UHS,"Universal Health Services, Inc.",Healthcare,,4,177.08,17364829000.0,15935486000.0,1.1157394828326546,4851847000.0,24,,7.2218595,1.3889717,6,6,industrial,,8,23.1,127.48999853632728,265.2097928100044,0.3323021818924323,3,5,15149524952.0,1994015000.0,0.127,1.0115,0.0961,1.8038589873229744,True,sec,11,-0.0236,142949954.96,2026-10-26,,True,True,True,True,True,True,False,True,True,True,False,True,True,True,True,True,False,True,True,True,-2.44,תקין,3.07,תקין,-0.1798,-0.0227,,,,כלל השוק,ענף,66,,,18,
WFRD,Weatherford International plc,Energy,,4,79.94,4918000000.0,5102000000.0,2.343994314143568,1480000000.0,3,,15.767259,3.210055,6,6,industrial,,6,5.93,24.9025069637883,53.29924601412969,-0.4998335994998467,4,5,6096677632.0,756000000.0,0.119,0.2952,0.0303,0.3714565004887585,True,sec,12,-0.048,89408733.12,2026-10-20,,True,True,True,True,True,True,True,True,True,True,False,True,True,False,True,True,True,True,False,False,-2.55,תקין,2.48,אזור אפור,0.4728,-0.0421,,,,כלל השוק,ענף,58,,,23,
VRTS,"Virtus Investment Partners, Inc",Financial Services,,4,132.02,852865000.0,4536350000.0,2.659,418627000.0,13,,7.5310893,0.96159315,5,6,financial,,4,19.97,142.7348563756168,232.7053716136064,0.4326731734443522,5,5,1006016552.0,168680000.0,0.1278,0.1042,0.1425,0.5668846291266149,True,sec,10,0.0448,17852404.5,2026-10-30,,True,True,True,True,True,False,True,True,True,True,True,True,False,True,False,False,,True,True,False,,לא רלוונטי,,לא רלוונטי,-0.1717,0.0473,,,,Financial Services,ענף,56,לא רלוונטי,,16,
FBRT,"Franklin BSP Realty Trust, Inc.",Real Estate,,4,6.14,29633000.0,6383846000.0,8.697,4187389952.0,6,,13.954545,0.41582012,3,6,financial,,7,0.64,18.19581072843413,12.090633041114238,0.4921688567405106,5,5,4979256832.0,85022000.0,0.0171,0.0351,0.3137,,True,sec,9,-0.0326,11032935.3,2026-10-28,,True,True,False,True,False,False,True,True,True,True,True,True,True,False,True,True,True,True,True,False,,לא רלוונטי,,לא רלוונטי,-0.2046,-0.0343,,רווח קרס,רווח קרס,כלל השוק,ענף,33,לא רלוונטי,,49,
GHC,Graham Holdings Company,Industrials,,4,1157.67,4911563000.0,8141109000.0,1.8595417159654304,900373000.0,13,,9.360961,1.0296267,3,6,industrial,,5,66.47,1124.3589545609104,1768.7885660306472,0.3455011965630596,5,5,5646256344.0,234947000.0,0.0478,0.1751,0.0071,2.358313802475635,True,sec,11,-0.0067,34537926.78,2026-10-28,,True,True,True,False,False,False,True,True,True,True,True,True,True,False,True,True,True,False,False,False,-2.41,תקין,3.17,תקין,-0.0141,-0.0052,רווח חד-פעמי,,רווח חד-פעמי,כלל השוק,ענף,25,,,48,
VICI,VICI Properties Inc.,Real Estate,,4,22.73,4006116000.0,48271220000.0,11.236,16931155000.0,9,,8.776062,0.8579625,3,6,financial,,6,2.61,26.492974130136066,39.29223206684263,0.4215141567592168,5,5,41670583840.0,3664593000.0,0.085,0.0852,0.0593,4.748318263483543,True,sec,11,0.0055,219204301.36,2026-10-28,,True,True,False,True,False,False,True,True,True,True,True,True,True,True,False,True,False,False,True,True,,לא רלוונטי,,לא רלוונטי,-0.2115,0.0066,,,,כלל השוק,ענף,18,לא רלוונטי,,46,
