ticker,price,rsi,regime,regime_key,regime_confidence,rsi_zone,band_support,band_resistance,regime_shift,deriv_osc,deriv_dir,deriv_bars_since_cross,pos_rev_bars_ago,pos_rev_target,pos_rev_upside_pct,neg_rev_bars_ago,neg_rev_target,neg_rev_downside_pct,atr_pct,adx,sma200,dist_sma200_pct,above_sma50,direction,stop_price,stop_pct,risk_reward,hist_patterns,hist_hits,hist_hit_rate,hist_median_bars,horizon_weeks,signal,signal_rank,signal_kind,name,sector,graham_mode,graham_score,graham_max,fscore,margin_of_safety,graham_number,quality_score,beneish_m,beneish_flag,altman_z,altman_flag,ebit_ev,gross_profitability,momentum_12_1,net_payout_yield,red_flag,accruals,accruals_flag,liquidity_flag,dollar_volume,next_earnings,rank_bucket,rank_basis,data_source,value_rank,value_top,one_off_flag,collapse_flag
THC,255.56,46.2,שורי,bull,חלקי,על התמיכה,40-50,80-90,,-2.093,עולה,26,16,293.61,14.9,60,178.36,-30.2,3.11,15.0,212.9,20.0,לא,לונג,244.88,-4.2,3.56,63,59,94.0,19,3.8,אזור כניסה,1,כניסה,Tenet Healthcare Corporation,Healthcare,מגן,6,6,6,-0.3928541163509154,183.4793730369493,63,-2.65,תקין,2.06,אזור אפור,0.0963,0.5907,0.3096,0.0674,,-0.0382,,,262893549.76,2026-10-27,כלל השוק,ענף,sec,43,,,
TROW,104.05,38.3,שורי,bull,חלקי,מתחת לתמיכה,40-50,80-90,,3.525,עולה,5,10,120.84,16.1,75,90.14,-13.4,1.99,38.9,103.87,0.2,לא,לונג,100.41,-3.5,4.62,61,39,64.0,27,5.4,אזור כניסה,1,כניסה,"T. Rowe Price Group, Inc.",Financial Services,מגן,6,6,4,0.0322019781042005,107.51210236633736,52,,לא רלוונטי,,לא רלוונטי,0.1204,0.2615,0.0842,0.0795,,0.0217,לא רלוונטי,,176378588.65,2026-10-30,Financial Services,ענף,sec,23,,,
ANF,134.69,52.1,שורי,bull,חלקי,אמצע התעלה,40-50,80-90,,-2.425,עולה,15,5,176.62,31.1,53,70.48,-47.7,4.24,19.3,101.21,33.1,כן,לונג,127.95,-5.0,6.23,56,40,71.0,27,5.4,מגמה תקינה,2,החזקה,Abercrombie & Fitch Company,Consumer Cyclical,מגן,6,6,5,-0.4769016895255283,91.19767480479402,74,-2.3,תקין,5.42,תקין,0.1096,0.914,0.6725,0.0854,,-0.0312,,,202895265.03,2026-11-25,Consumer Cyclical,ענף,sec,32,,,
SBH,16.42,51.1,שורי,bull,חלקי,אמצע התעלה,40-50,80-90,"מחזיק את התמיכה, טרם פרץ",2.75,יורדת,7,11,17.74,8.0,40,11.79,-28.2,3.41,20.2,14.87,10.4,כן,לונג,15.18,-7.6,1.06,58,32,55.0,60,12.0,מגמה תקינה,2,החזקה,"Sally Beauty Holdings, Inc. (Na",Consumer Cyclical,מגן,6,6,8,0.1791214353236405,20.002958667185773,60,-2.62,תקין,2.85,אזור אפור,0.1138,0.6655,0.0061,0.0351,,-0.0274,,,21562218.56,2026-11-12,Consumer Cyclical,ענף,sec,26,,,
SIG,102.33,61.2,שורי,bull,חלקי,אמצע התעלה,40-50,80-90,,0.83,עולה,3,20,99.12,-3.1,15,77.78,-24.0,3.76,36.0,89.29,14.6,כן,לונג,78.07,-23.7,,77,51,66.0,25,5.0,שורי אך מומנטום שלילי,4,החזקה,Signet Jewelers Limited,Consumer Cyclical,מגן,6,6,8,-0.0635324055029864,96.21709641428754,45,-2.55,תקין,3.19,תקין,0.1116,0.4527,-0.1422,0.0656,,-0.0688,,,84528468.53999999,2026-12-01,Consumer Cyclical,ענף,sec,30,,,
HRB,40.85,28.0,שורי,bull,חלקי,מתחת לתמיכה,40-50,80-90,,-4.72,יורדת,29,14,59.51,45.7,44,24.07,-41.1,3.81,29.2,38.82,5.2,לא,לונג,38.72,-5.2,8.77,61,41,67.0,25,5.0,שבר את תעלת השורי,5,המתנה,"H&R Block, Inc.",Consumer Cyclical,מגן,6,6,7,-2.7119240757635668,11.00507423272037,80,-2.67,תקין,3.18,תקין,0.1469,0.5371,0.0214,0.1447,,-0.0231,,,87239831.9,2026-11-05,Consumer Cyclical,ענף,sec,10,כן,,
KFY,71.59,24.8,שורי,bull,חלקי,מתחת לתמיכה,40-50,80-90,,-5.294,עולה,21,31,89.9,25.6,78,62.97,-12.0,2.74,36.9,70.46,1.6,לא,לונג,69.28,-3.2,7.93,56,39,70.0,32,6.4,שבר את תעלת השורי,5,המתנה,Korn Ferry,Industrials,מגן,6,6,8,-0.0481664425857035,68.30022131160379,58,-2.63,תקין,3.09,תקין,0.1014,0.6368,0.2225,0.055,,-0.0349,,,33333091.49,2026-12-08,כלל השוק,ענף,sec,40,,,
ADT,6.08,19.3,דובי,bear,חלקי,מתחת לתמיכה,20-30,55-65,,-6.821,עולה,17,14,8.07,32.7,22,5.96,-2.0,2.76,35.0,7.22,-15.7,לא,לונג,5.99,-1.5,21.16,50,32,64.0,20,4.0,נפסל במבחן אלטמן,6,פסילה,ADT Inc.,Industrials,מגן,6,6,8,0.3061639099557494,8.76287654568709,55,-2.84,תקין,0.55,סיכון חדלות פירעון,0.1074,0.2621,-0.1515,0.1787,אלטמן,-0.0818,,,47273495.68,2026-11-05,כלל השוק,ענף,sec,35,,,
APA,41.54,43.8,שורי,bull,חלקי,על התמיכה,40-50,80-90,,-6.054,עולה,10,17,55.34,33.2,36,30.87,-25.7,3.59,19.9,35.16,18.2,כן,לונג,40.48,-2.5,13.08,59,44,75.0,25,5.0,נפסל במבחן אלטמן,6,פסילה,APA Corporation,Energy,מגן,6,6,7,0.101056541571607,46.209802864157496,60,-3.61,תקין,1.8,סיכון חדלות פירעון,0.1454,0.2037,0.7772,0.0247,אלטמן,-0.1731,,,233572150.5,2026-11-04,כלל השוק,ענף,sec,11,כן,,
ASO,48.09,49.1,מעבר,transition,לא ברור,אמצע התעלה,20-30,55-65,,-2.831,עולה,8,77,58.83,22.3,13,40.73,-15.3,3.94,15.5,52.49,-8.4,כן,לונג,41.07,-14.6,1.53,59,45,76.0,37,7.4,נפסל במבחן בניש,6,פסילה,"Academy Sports and Outdoors, In",Consumer Cyclical,מגן,6,6,7,0.2992499367678277,68.6264654450225,45,-1.6,חשד למניפולציה,2.76,אזור אפור,0.1106,0.399,-0.1411,0.0789,בניש,-0.0105,,,80439902.55000001,2026-12-08,Consumer Cyclical,ענף,sec,31,,,
BYD,66.57,14.9,דובי,bear,ודאי,מתחת לתמיכה,20-30,55-65,,-5.885,יורדת,9,36,92.56,39.0,81,77.32,16.1,2.69,47.5,83.59,-20.4,לא,לונג,65.66,-1.4,28.44,75,59,79.0,28,5.6,נפסל במבחן רווח חד-פעמי; צבירות גבוהות,6,פסילה,Boyd Gaming Corporation,Consumer Cyclical,מגן,6,6,6,0.4945278133336844,131.6986409065189,61,-2.08,אזור אפור,3.08,תקין,0.1129,0.3083,-0.1025,0.1729,רווח חד-פעמי; צבירות גבוהות,0.1296,צבירות גבוהות,,63577878.20999999,2026-10-22,Consumer Cyclical,ענף,sec,27,,רווח חד-פעמי,
CALM,68.06,26.8,דובי,bear,חלקי,על התמיכה,20-30,55-65,,-3.317,עולה,22,31,92.81,36.4,12,49.03,-28.0,3.5,28.0,80.37,-15.3,לא,לונג,62.31,-8.4,4.3,55,47,85.0,36,7.2,נפסל במבחן רווח קרס,6,פסילה,"Cal-Maine Foods, Inc.",Consumer Defensive,מגן,6,6,5,0.255606474574488,91.43013429770951,50,-2.17,אזור אפור,7.16,תקין,0.1422,0.2163,-0.1613,0.1141,רווח קרס,-0.0541,,,65719688.84,2026-09-30,Consumer Defensive,ענף,sec,12,כן,,רווח קרס
CMCSA,21.76,28.3,דובי,bear,חלקי,על התמיכה,20-30,55-65,,-3.77,עולה,22,,,,24,21.63,-0.6,3.08,42.7,26.75,-18.7,לא,לונג,21.07,-3.2,,46,23,50.0,30,6.0,נפסל במבחן אלטמן,6,פסילה,Comcast Corporation,Communication Services,מגן,6,6,8,0.4837789613386071,42.15248579644413,72,-2.72,תקין,1.41,סיכון חדלות פירעון,0.1291,0.3256,-0.096,0.156,אלטמן,-0.053,,,649317725.44,2026-10-22,כלל השוק,ענף,sec,16,,,
EEFT,62.87,31.7,דובי,bear,חלקי,אמצע התעלה,20-30,55-65,,-3.23,עולה,11,42,81.84,30.2,17,68.2,8.5,3.47,14.6,71.75,-12.4,לא,לונג,61.47,-2.2,13.54,52,20,38.0,33,6.6,נפסל במבחן אלטמן,6,פסילה,"Euronet Worldwide, Inc.",Technology,מגן,6,6,6,0.0791765518630186,68.27584606712522,70,-2.47,תקין,1.76,סיכון חדלות פירעון,0.1773,0.2703,-0.2084,0.2752,אלטמן,-0.0385,,,40576360.87,2026-10-21,Technology,ענף,sec,3,כן,,
FBRT,6.39,21.5,דובי,bear,ודאי,על התמיכה,20-30,55-65,,-7.084,יורדת,17,,,,6,7.03,10.0,4.35,30.5,8.8,-27.4,לא,לונג,6.24,-2.4,,30,4,13.0,31,6.2,נפסל במבחן רווח קרס,6,פסילה,"Franklin BSP Realty Trust, Inc.",Real Estate,יוזם,3,6,7,0.4653815827914643,11.952450185619938,32,,לא רלוונטי,,לא רלוונטי,0.017,0.0351,-0.2293,0.3014,רווח קרס,-0.0326,לא רלוונטי,,11311667.46,2026-10-28,כלל השוק,ענף,sec,51,,,רווח קרס
GEN,22.02,27.5,מעבר,transition,לא ברור,על התמיכה,20-30,55-65,,-14.232,עולה,17,,,,36,19.58,-11.1,5.89,31.5,24.65,-10.7,לא,לונג,19.69,-10.6,,47,27,57.0,36,7.2,נפסל במבחן אלטמן,6,פסילה,Gen Digital Inc.,Technology,מגן,6,6,7,-0.6858936298977071,13.061322262268751,40,-2.37,תקין,1.27,סיכון חדלות פירעון,0.1035,0.2517,0.0919,0.0718,אלטמן,-0.0366,,,150235986.12,2026-11-05,Technology,ענף,sec,38,,,
GHC,1134.67,46.0,שורי,bull,חלקי,על התמיכה,40-50,80-90,,-0.924,יורדת,2,9,1242.44,9.5,12,1086.99,-4.2,2.39,14.1,1128.99,0.5,לא,לונג,1098.06,-3.2,2.94,61,54,89.0,48,9.6,נפסל במבחן רווח חד-פעמי,6,פסילה,Graham Holdings Company,Industrials,יוזם,3,6,5,0.3586341252809837,1769.146199892692,25,-2.41,תקין,3.16,תקין,0.0487,0.1751,-0.0411,0.0072,רווח חד-פעמי,-0.0067,,,33372914.040000003,2026-10-28,כלל השוק,ענף,sec,50,,רווח חד-פעמי,
GRBK,66.11,39.1,מעבר,transition,לא ברור,אמצע התעלה,20-30,55-65,,2.332,יורדת,6,10,84.49,27.8,24,69.09,4.5,2.67,11.5,69.81,-5.3,לא,לונג,64.76,-2.0,13.58,72,61,85.0,52,10.4,נפסל במבחן בניש,6,פסילה,"Green Brick Partners, Inc.",Consumer Cyclical,מגן,6,6,4,0.1921301349064139,81.83248671163346,40,-0.44,חשד למניפולציה,6.03,תקין,0.131,0.2528,-0.0222,0.0305,בניש,0.0499,,,19688285.21,2026-10-28,Consumer Cyclical,ענף,sec,14,כן,,
M,22.77,51.5,שורי,bull,חלקי,אמצע התעלה,40-50,80-90,,4.021,עולה,13,14,27.56,21.0,17,21.8,-4.3,3.68,14.2,21.6,5.4,לא,לונג,19.35,-15.0,1.4,45,25,56.0,26,5.2,נפסל במבחן בניש,6,פסילה,Macy's Inc,Consumer Cyclical,מגן,6,6,8,0.3311518806310259,34.04360323459143,56,-1.68,חשד למניפולציה,2.66,אזור אפור,0.0907,0.5619,0.2248,0.0752,בניש,-0.0501,,,125597065.77,2026-12-02,Consumer Cyclical,ענף,sec,47,,,
MOH,189.1,39.9,שורי,bull,חלקי,מתחת לתמיכה,40-50,80-90,"מחזיק את התמיכה, טרם פרץ",-4.143,עולה,7,5,258.65,36.8,78,81.36,-57.0,3.45,13.5,181.52,4.2,לא,לונג,182.54,-3.5,10.6,43,32,74.0,13,2.6,נפסל במבחן רווח קרס,6,פסילה,Molina Healthcare Inc,Healthcare,מגן,6,6,4,-10.493041509185106,16.45343400603517,68,-1.92,אזור אפור,4.31,תקין,0.1591,0.2618,0.0387,0.1013,רווח קרס,0.0629,,,175605067.6,2026-10-21,כלל השוק,ענף,sec,5,כן,,רווח קרס
MTDR,51.58,37.9,מעבר,transition,לא ברור,אמצע התעלה,20-30,55-65,,-7.621,עולה,11,24,66.22,28.4,11,45.85,-11.1,3.69,25.2,52.9,-2.5,לא,לונג,49.44,-4.2,6.84,60,43,72.0,35,7.0,נפסל במבחן אלטמן,6,פסילה,Matador Resources Company,Energy,מגן,6,6,5,0.3486905660653762,79.19430813154385,43,-3.28,תקין,1.69,סיכון חדלות פירעון,0.1079,0.143,0.2911,0.0343,אלטמן,-0.1234,,,100472475.68,2026-10-27,כלל השוק,ענף,sec,34,,,
SLVM,32.68,31.8,דובי,bear,ודאי,אמצע התעלה,20-30,55-65,,-4.141,יורדת,2,,,,6,31.97,-2.2,3.58,21.7,41.98,-22.2,לא,לונג,32.04,-1.9,,41,32,78.0,21,4.2,נפסל במבחן רווח קרס,6,פסילה,Sylvamo Corporation,Basic Materials,מגן,6,6,5,-0.0285126129518791,31.774039120635454,53,-2.61,תקין,3.37,תקין,0.1128,0.266,-0.1877,0.1193,רווח קרס,-0.0473,,,9118177.52,2026-11-06,כלל השוק,ענף,sec,28,,,רווח קרס
ALV,111.89,36.7,מעבר,transition,לא ברור,אמצע התעלה,20-30,55-65,,-1.792,יורדת,17,10,126.03,12.6,17,101.5,-9.3,2.49,22.3,119.1,-6.0,לא,לונג,110.39,-1.3,9.4,64,46,72.0,31,6.2,"מעבר, לא ברור",7,המתנה,"Autoliv, Inc.",Consumer Cyclical,מגן,6,6,7,-0.3983124127191016,80.01788368768267,39,-2.65,תקין,2.88,אזור אפור,0.1088,0.2399,-0.0185,0.0719,,-0.0497,,,74862354.19,2026-10-23,Consumer Cyclical,ענף,sec,33,,,
CBT,76.91,36.2,מעבר,transition,לא ברור,אמצע התעלה,20-30,55-65,,1.296,יורדת,6,7,86.42,12.4,6,75.3,-2.1,2.6,21.5,78.84,-2.5,לא,לונג,75.03,-2.4,5.06,64,53,83.0,37,7.4,"מעבר, לא ברור",7,המתנה,Cabot Corporation,Basic Materials,מגן,6,6,6,-0.539129096170368,49.96981747103996,57,-2.94,תקין,3.51,תקין,0.1208,0.2464,0.0876,0.0645,,-0.084,,,32198756.05,2026-11-02,כלל השוק,ענף,sec,21,,,
CENTA,33.52,27.5,מעבר,transition,לא ברור,על התמיכה,20-30,55-65,,-1.317,יורדת,4,14,40.44,20.6,,,,2.58,14.9,34.34,-2.4,לא,לונג,32.91,-1.8,11.29,40,27,68.0,28,5.6,"מעבר, לא ברור",7,המתנה,Central Garden & Pet Company,Consumer Defensive,מגן,6,6,8,0.1904498770305571,41.4057129372646,65,-2.75,תקין,2.6,אזור אפור,0.0996,0.2751,0.2601,0.0739,,-0.0448,,,10008803.840000002,2026-11-25,Consumer Defensive,ענף,sec,42,,,
FHI,56.37,34.0,מעבר,transition,לא ברור,אמצע התעלה,20-30,55-65,,2.004,עולה,4,9,66.1,17.3,87,52.8,-6.3,2.64,32.7,57.01,-1.1,לא,לונג,54.95,-2.5,6.83,74,69,93.0,27,5.4,"מעבר, לא ברור",7,המתנה,"Federated Hermes, Inc.",Financial Services,מגן,6,6,8,-0.2234898246250609,46.07312530553706,85,,לא רלוונטי,,לא רלוונטי,0.1278,0.5486,0.2257,0.0874,,0.0455,לא רלוונטי,,34034853.12,2026-10-29,Financial Services,ענף,sec,18,,,
LRN,77.98,40.9,מעבר,transition,לא ברור,אמצע התעלה,20-30,55-65,,-2.253,עולה,17,8,87.59,12.3,20,78.65,0.9,3.13,20.9,84.46,-7.7,לא,לונג,73.37,-5.9,2.08,52,48,92.0,34,6.8,"מעבר, לא ברור",7,המתנה,"Stride, Inc.",Consumer Defensive,מגן,6,6,7,0.0240345926146357,79.90037291271457,55,-2.43,תקין,5.45,תקין,0.1611,0.3903,-0.418,0.0582,,-0.0595,,,65485108.64,2026-10-27,Consumer Defensive,ענף,sec,4,כן,,
MHO,135.13,35.1,מעבר,transition,לא ברור,אמצע התעלה,20-30,55-65,,-1.442,יורדת,3,14,166.57,23.3,83,114.93,-14.9,2.62,18.5,138.18,-2.2,לא,לונג,132.74,-1.8,13.15,63,42,67.0,26,5.2,"מעבר, לא ברור",7,המתנה,"M/I Homes, Inc.",Consumer Cyclical,מגן,6,6,5,0.2700356557798547,185.11863088924656,50,,אין נתונים,4.58,תקין,0.1506,0.2229,0.0303,0.0591,,0.0547,,,28614182.89,2026-10-21,Consumer Cyclical,ענף,sec,8,כן,,
PRI,272.39,28.0,מעבר,transition,לא ברור,על התמיכה,20-30,55-65,,-4.913,עולה,7,21,317.8,16.7,12,281.96,3.5,1.97,30.5,276.64,-1.5,לא,לונג,269.53,-1.0,15.89,67,49,73.0,32,6.4,"מעבר, לא ברור",7,המתנה,"Primerica, Inc.",Financial Services,מגן,6,6,7,-0.2737926507453748,213.84171108273216,33,,לא רלוונטי,,לא רלוונטי,0.1046,,0.0362,0.0699,,-0.0101,לא רלוונטי,,50315880.8,2026-11-04,Financial Services,ענף,sec,37,,,
SMP,37.1,43.2,מעבר,transition,לא ברור,אמצע התעלה,20-30,55-65,"מחזיק את התמיכה, טרם פרץ",0.762,עולה,3,8,42.19,13.7,44,37.0,-0.3,2.82,10.9,38.63,-4.0,לא,לונג,35.8,-3.5,3.91,26,17,65.0,71,14.2,"מעבר, לא ברור",7,המתנה,"Standard Motor Products, Inc.",Consumer Cyclical,מגן,6,6,8,0.303975975588189,53.302757805453766,29,-2.4,תקין,2.26,אזור אפור,0.0951,0.2804,-0.0759,0.033,,-0.0074,,,5867439.2,2026-10-30,Consumer Cyclical,ענף,sec,44,,,
WFRD,78.68,32.2,מעבר,transition,לא ברור,אמצע התעלה,20-30,55-65,,-1.023,יורדת,1,8,109.88,39.7,21,75.69,-3.8,4.14,23.9,93.15,-15.5,לא,לונג,76.95,-2.2,18.06,56,53,95.0,23,4.6,"מעבר, לא ברור",7,המתנה,Weatherford International plc,Energy,מגן,6,6,6,-0.4761934091256952,53.299248942318336,62,-2.55,תקין,2.47,אזור אפור,0.1207,0.2952,0.4288,0.0307,,-0.048,,,90584362.68,2026-10-20,כלל השוק,ענף,sec,22,,,
APAM,36.12,33.8,דובי,bear,חלקי,אמצע התעלה,20-30,55-65,,1.808,עולה,2,5,44.7,23.8,25,32.51,-10.0,2.65,40.9,39.22,-7.9,לא,לונג,34.72,-3.9,6.14,57,31,54.0,46,9.2,מגמה נגדית,8,המתנה,Artisan Partners Asset Manageme,Financial Services,מגן,6,6,6,-0.5331136489708779,23.55989722239184,74,,לא רלוונטי,,לא רלוונטי,0.1502,0.3469,-0.0191,0.1003,,0.0811,לא רלוונטי,,30996739.2,2026-10-27,Financial Services,ענף,sec,9,כן,,
BBWI,15.92,34.7,דובי,bear,חלקי,אמצע התעלה,20-30,55-65,,-2.695,יורדת,15,25,23.65,48.6,17,17.05,7.1,4.85,16.1,19.94,-20.2,לא,לונג,15.36,-3.5,13.9,42,23,55.0,15,3.0,מגמה נגדית,8,המתנה,"Bath & Body Works, Inc.",Consumer Cyclical,מגן,6,6,5,,,71,-3.01,תקין,2.2,אזור אפור,0.1572,0.6291,-0.2527,0.1769,,-0.0879,,,95805795.84,2026-11-19,Consumer Cyclical,ענף,sec,6,כן,,
CRI,31.31,44.9,דובי,bear,חלקי,אמצע התעלה,20-30,55-65,,7.003,עולה,8,10,44.86,43.3,,,,3.88,24.6,36.35,-13.9,לא,לונג,28.25,-9.8,4.43,35,13,37.0,58,11.6,מגמה נגדית,8,המתנה,"Carter's, Inc.",Consumer Cyclical,מגן,6,6,4,0.4610328719516766,58.09259669208021,45,-2.62,תקין,2.61,אזור אפור,0.0856,0.5124,0.1478,0.049,,-0.0112,,,38605323.93,2026-11-02,Consumer Cyclical,ענף,sec,48,,,
CTSH,57.44,43.8,דובי,bear,חלקי,אמצע התעלה,20-30,55-65,,-5.091,עולה,20,15,64.65,12.6,12,43.81,-23.7,3.52,20.5,61.22,-6.2,לא,לונג,54.62,-4.9,2.55,52,42,81.0,76,15.2,מגמה נגדית,8,המתנה,Cognizant Technology Solutions ,Technology,מגן,6,6,7,0.0082953427518183,57.920470152259455,75,-2.5,תקין,5.72,תקין,0.1236,0.3439,-0.0371,0.0732,,-0.0314,,,457823107.52,2026-10-28,Technology,ענף,sec,20,,,
DECK,78.14,35.6,דובי,bear,חלקי,אמצע התעלה,20-30,55-65,,0.566,יורדת,8,64,121.01,54.9,7,71.93,-7.9,2.9,40.8,101.51,-23.0,לא,לונג,76.07,-2.7,20.66,45,40,89.0,18,3.6,מגמה נגדית,8,המתנה,Deckers Outdoor Corporation,Consumer Cyclical,מגן,6,6,6,-0.5142961754081151,51.60153031420068,69,-2.69,תקין,9.57,תקין,0.1325,0.8563,-0.141,0.1014,,-0.0408,,,210676223.32,2026-10-22,Consumer Cyclical,ענף,sec,13,כן,,
DHI,136.65,41.3,דובי,bear,חלקי,אמצע התעלה,20-30,55-65,,0.362,יורדת,10,30,168.35,23.2,6,125.26,-8.3,2.68,11.9,148.73,-8.1,לא,לונג,132.05,-3.4,6.89,47,33,70.0,40,8.0,מגמה נגדית,8,המתנה,"D.R. Horton, Inc.",Consumer Cyclical,מגן,6,6,4,0.0269225907594902,140.43075987824628,36,-2.34,תקין,5.83,תקין,0.1007,0.2288,-0.147,0.1266,,0.0045,,,332914929.0,2026-10-29,Consumer Cyclical,ענף,sec,41,,,
EPAM,108.36,44.9,דובי,bear,חלקי,אמצע התעלה,20-30,55-65,,-6.496,עולה,11,,,,12,81.18,-25.1,4.33,19.1,131.53,-17.6,כן,לונג,101.99,-5.9,,40,17,42.0,15,3.0,מגמה נגדית,8,המתנה,"EPAM Systems, Inc.",Technology,מגן,6,6,6,-0.0188578532477368,106.35438462253488,55,-2.68,תקין,5.23,תקין,0.105,0.321,-0.2186,0.1185,,-0.0606,,,155258208.0,2026-11-05,Technology,ענף,sec,36,,,
G,32.53,35.0,דובי,bear,חלקי,אמצע התעלה,20-30,55-65,,-5.577,יורדת,18,14,38.3,17.7,26,28.79,-11.5,3.05,23.1,36.69,-11.3,לא,לונג,31.54,-3.0,5.85,44,18,41.0,24,4.8,מגמה נגדית,8,המתנה,Genpact Limited,Technology,מגן,6,6,6,0.0497688491584119,34.23377561469045,60,-2.72,תקין,2.87,אזור אפור,0.1195,0.3134,-0.0933,0.0733,,-0.0481,,,71836096.59,2026-11-05,Technology,ענף,sec,24,,,
GNTX,21.74,36.1,דובי,bear,חלקי,אמצע התעלה,20-30,55-65,,0.736,עולה,4,7,26.48,21.8,17,21.49,-1.1,2.11,25.1,23.4,-7.1,לא,לונג,21.48,-1.2,18.25,41,17,41.0,65,13.0,מגמה נגדית,8,המתנה,Gentex Corporation,Consumer Cyclical,מגן,6,6,6,0.0394588975847057,22.633076237273407,41,-2.83,תקין,8.76,תקין,0.1116,0.2959,-0.2095,0.0912,,-0.0674,,,52332375.81999999,2026-10-23,Consumer Cyclical,ענף,sec,29,,,
INGR,95.81,30.9,דובי,bear,ודאי,אמצע התעלה,20-30,55-65,,-1.476,עולה,25,101,120.5,25.8,29,92.24,-3.7,1.84,26.3,107.39,-10.8,לא,לונג,94.69,-1.2,22.04,61,44,72.0,35,7.0,מגמה נגדית,8,המתנה,Ingredion Incorporated,Consumer Defensive,מגן,6,6,8,0.2135371982358535,121.82394359286252,60,-2.52,תקין,3.69,תקין,0.1509,0.2315,-0.1527,0.072,,-0.0266,,,62841395.76,2026-11-03,Consumer Defensive,ענף,sec,7,כן,,
LCII,83.67,29.6,דובי,bear,ודאי,על התמיכה,20-30,55-65,,1.325,עולה,3,27,109.9,31.3,17,80.37,-3.9,3.46,44.2,115.8,-27.7,לא,לונג,81.33,-2.8,11.21,46,29,63.0,19,3.8,מגמה נגדית,8,המתנה,LCI Industries,Consumer Cyclical,מגן,6,6,8,0.2166560507650294,106.81131842751044,56,-2.54,תקין,3.17,תקין,0.0944,0.3087,0.0803,0.1193,,-0.0437,,,29834964.93,2026-10-29,Consumer Cyclical,ענף,sec,45,,,
LULU,96.19,36.0,דובי,bear,ודאי,אמצע התעלה,20-30,55-65,,0.377,יורדת,7,31,130.7,35.9,6,87.32,-9.2,4.38,27.5,146.06,-34.1,לא,לונג,93.25,-3.1,11.72,45,31,69.0,21,4.2,מגמה נגדית,8,המתנה,lululemon athletica inc.,Consumer Cyclical,מגן,6,6,5,0.1117772704566344,108.29490937419624,65,-1.9,אזור אפור,5.09,תקין,0.1939,0.7431,-0.3241,0.1107,,-0.0027,,,431602510.01,2026-09-03,Consumer Cyclical,ענף,sec,1,כן,,
MAT,12.66,30.8,דובי,bear,ודאי,אמצע התעלה,20-30,55-65,,0.34,עולה,3,30,15.07,19.0,25,12.92,2.1,3.32,24.8,15.94,-20.6,לא,לונג,12.23,-3.4,5.61,56,32,57.0,19,3.8,מגמה נגדית,8,המתנה,"Mattel, Inc.",Consumer Cyclical,מגן,6,6,5,0.1281791854692718,14.521332582331672,49,-2.5,תקין,2.73,אזור אפור,0.0936,0.3924,-0.1117,0.1659,,-0.0307,,,54458534.52,2026-10-27,Consumer Cyclical,ענף,sec,46,,,
MMS,53.19,37.3,דובי,bear,ודאי,אמצע התעלה,20-30,55-65,,-5.209,עולה,9,,,,12,55.71,4.7,3.11,18.3,68.12,-21.9,לא,לונג,50.21,-5.6,,47,26,55.0,36,7.2,מגמה נגדית,8,המתנה,"Maximus, Inc.",Industrials,מגן,6,6,8,0.251976469165486,71.10738874839925,60,-2.71,תקין,2.97,אזור אפור,0.1184,0.3277,-0.3677,0.1854,,-0.0253,,,33904210.23,2026-11-19,כלל השוק,ענף,sec,25,,,
NVR,6154.39,44.3,דובי,bear,ודאי,אמצע התעלה,20-30,55-65,,0.51,יורדת,10,,,,6,6022.04,-2.2,2.21,6.8,6705.32,-8.2,לא,לונג,5989.7,-2.7,,53,39,74.0,20,4.0,מגמה נגדית,8,המתנה,"NVR, Inc.",Consumer Cyclical,מגן,6,6,5,-0.8590251014226212,3310.547014825322,44,-2.06,אזור אפור,12.49,תקין,0.103,0.4078,-0.214,0.1118,,0.0399,,,212751107.91,2026-10-21,Consumer Cyclical,ענף,sec,39,,,
PHM,116.06,38.9,דובי,bear,חלקי,אמצע התעלה,20-30,55-65,,1.223,יורדת,8,14,144.24,24.3,45,111.69,-3.8,2.62,17.1,124.78,-7.0,לא,לונג,113.26,-2.4,10.06,51,32,63.0,19,3.8,מגמה נגדית,8,המתנה,"PulteGroup, Inc.",Consumer Cyclical,מגן,6,6,5,0.060928543272887,123.59016895742594,45,-2.47,תקין,5.91,תקין,0.1301,0.2534,-0.044,0.0634,,0.019,,,183402886.52,2026-10-22,Consumer Cyclical,ענף,sec,15,כן,,
PPC,27.01,33.4,דובי,bear,חלקי,אמצע התעלה,20-30,55-65,,-5.465,עולה,21,,,,27,26.71,-1.1,3.72,19.8,33.71,-19.9,לא,לונג,26.51,-1.9,,59,38,64.0,24,4.8,מגמה נגדית,8,המתנה,Pilgrim's Pride Corporation,Consumer Defensive,מגן,6,6,6,0.0517936043998296,28.485359437914287,70,-2.44,תקין,3.36,תקין,0.1794,0.228,-0.2294,0.3101,,-0.0288,,,41516287.71,2026-10-28,Consumer Defensive,ענף,sec,2,כן,,
UHS,174.26,49.2,דובי,bear,חלקי,אמצע התעלה,20-30,55-65,,-3.072,יורדת,4,7,183.41,5.3,10,135.88,-22.0,3.08,12.1,181.29,-3.9,כן,לונג,166.36,-4.5,1.16,50,39,78.0,23,4.6,מגמה נגדית,8,המתנה,"Universal Health Services, Inc.",Healthcare,מגן,6,6,8,0.3426671361681224,265.1016092275732,68,-2.44,תקין,3.06,תקין,0.1284,1.0115,-0.1668,0.0976,,-0.0236,,,144416058.14,2026-10-26,כלל השוק,ענף,sec,17,,,
VICI,22.97,25.1,דובי,bear,ודאי,על התמיכה,20-30,55-65,,-1.507,עולה,23,,,,26,25.63,11.6,1.75,35.9,27.49,-16.4,לא,לונג,22.68,-1.3,,49,20,41.0,108,21.6,מגמה נגדית,8,המתנה,VICI Properties Inc.,Real Estate,יוזם,3,6,6,0.4142742602554051,39.21630626992088,23,,לא רלוונטי,,לא רלוונטי,0.0845,0.0852,-0.2134,0.0587,,0.0055,לא רלוונטי,,225339696.78,2026-10-28,כלל השוק,ענף,sec,49,,,
VRTS,132.32,33.9,דובי,bear,חלקי,אמצע התעלה,20-30,55-65,,4.38,עולה,4,42,190.37,43.9,33,112.2,-15.2,3.78,42.8,149.49,-11.5,לא,לונג,122.5,-7.4,5.91,63,30,48.0,36,7.2,מגמה נגדית,8,המתנה,"Virtus Investment Partners, Inc",Financial Services,יוזם,5,6,4,0.4315460994465438,232.7717337697411,51,,לא רלוונטי,,לא רלוונטי,0.1276,0.1042,-0.1291,0.1422,,0.0448,לא רלוונטי,,17890457.919999998,2026-10-30,Financial Services,ענף,sec,19,,,
